report,rep1
unit,Geithusfoss
unit,Juktan
unit,Svartisen
unit,Herva
unit,Langstrommen
unit,Huskvarna
unit,Aittokoski
unit,A-Mansbo
unit,Embrets
unit,Hanasaari
unit,Pankakoski
unit,Bjolvo
unit,Gideabacka
unit,Borgund
unit,Niingen
unit,Oyberget
unit,Lopet
unit,Borgforsen
unit,Svorkmo
unit,Kotka
unit,Skjerdal
unit,Haverstad
unit,Fortun
unit,Korkeakoski
unit,Berild
unit,Hogfors
unit,Öresundsverket malmö
unit,Hunderfossen
unit,Puntarikoski
unit,Torpshammar
unit,Lysebotn
unit,Tammerkoski
unit,Rendalen
unit,Ulvund
unit,Skjerka nye
unit,Stadsforsen
unit,Mydalen
unit,Karasen
unit,Lima
unit,Roykas
unit,Eiriksdal
unit,Nobbelovs
unit,Ulset
unit,Hovetorp
unit,Sorfjord
unit,Hogstad
unit,Kistefoss
unit,Fagervollan
unit,Eldrevatn
unit,Kirkniemi
unit,Tyin
unit,Stugun
unit,Rygene
unit,Fossan
unit,Ballangen
unit,Mauranger
unit,Haapaniemi
unit,Skymnas
unit,Brandaa
unit,Harpefossen
unit,Saario
unit,Osvatn
unit,Bingsfoss
unit,Modalen
unit,Selbu
unit,Akkats
unit,Katerma
unit,Bassalt
unit,Randi
unit,Kaupanger
unit,Guolas
unit,Reinforsen
unit,Dokkelva
unit,Trangslet
unit,Pietarsaari
unit,Ormsetfoss
unit,Kyrkösjärvi
unit,Saheim
unit,Skjeggedal
unit,Kobbelv
unit,Litjfossen
unit,Vassli
unit,Enga
unit,Gaddede
unit,Asnaesvaerket
unit,Mel
unit,Ringhals 3
unit,Oljusjoen
unit,Ljusne-Strommar
unit,Gullspang
unit,Gjuva
unit,Akraelva
unit,Pietarsaari wisapower oy
unit,Lielahti
unit,Äetsä
unit,Svelgfoss
unit,Moforsen
unit,Nain
unit,Trangfors
unit,Kjela
unit,Gasturbiner malmö
unit,Ortvatn
unit,Framruste
unit,Hynna
unit,Roldal
unit,Begna
unit,Al
unit,Värtaverket
unit,Vietas
unit,Jumisko
unit,Kleiva
unit,Sortland
unit,Blåfalli vik
unit,Oksebotn
unit,Ramsele
unit,Jostedal
unit,Kvarnsveden
unit,Kvanangen
unit,Agdenes
unit,Jämsänkoski bv
unit,Finsa
unit,Kemijärvi
unit,Skjomen
unit,Skattungbyn
unit,Avedøre unit
unit,Klovtveit
unit,Midskog
unit,Rasdalen
unit,Åminnefors
unit,Lyngen
unit,Ytre alsaker
unit,Verma
unit,Meri pori
unit,Skeen
unit,Refsdal
unit,Trysilfossen
unit,Rod
unit,Langvann
unit,Krokevatn
unit,Kaldaga
unit,Svaren
unit,Lavkajohka
unit,Tannefors
unit,Valajaskoski
unit,Aselva
unit,Knaredovre
unit,Aurland
unit,Brattset
unit,Keljonlahti
unit,Fosse
unit,Joutseno
unit,Granfors
unit,Strandfossen
unit,Bjordal
unit,Hietamankoski
unit,Rengard
unit,Lysbotn
unit,arsmaglagan
unit,Samnanger
unit,Edsforsen
unit,Laholm
unit,Hallby
unit,Jylhämä
unit,Ovre fiskumfoss
unit,Stenungsund
unit,Langbjorn
unit,Skogfoss
unit,Volgsjofors
unit,Juvfossen
unit,Trollhattan
unit,Tervakoski lä
unit,Narvik
unit,Tyrvää
unit,Holmen
unit,Rauhalahti
unit,Storlivatn
unit,Vigeland
unit,Myllykoski
unit,Bjelland
unit,Grunnai
unit,Letsi
unit,Lovon
unit,Broby
unit,Forssa kt
unit,Hilmonkoski
unit,Sunnerstaholm
unit,Valer
unit,Bratsberg
unit,Kvilldal
unit,Haukland
unit,Matre
unit,Dejefors
unit,Nedre svultingen
unit,Soberg
unit,Torpa
unit,Stokkelandsana
unit,Umluspen
unit,Kvarnfallet
unit,Kvistforsen
unit,Fossan halogalan
unit,Sønnå
unit,Innset
unit,Nedalsfoss
unit,Motala
unit,slack_gen
unit,Vagforsen
unit,Askerudfoss
unit,Vuosaari
unit,Leuhunkoski
unit,Morre
unit,H.c. ørsted
unit,Sorbrandal
unit,Ylivieska
unit,Lokaunet
unit,Lenninge
unit,Martinlaakso
unit,Knarednedre
unit,Portimokoski
unit,Lassajavrre
unit,Holjebro
unit,Trengereid
unit,Sildvik
unit,Malfors
unit,Alvas
unit,Osfallet
unit,Seterkraft
unit,Birkeland
unit,Ljunga
unit,Sjofossen
unit,Reinskar
unit,Kvarnholm
unit,Hjorteland
unit,Rostefoss
unit,Mofjellet
unit,Krokstrommen
unit,Juotas
unit,Brekkefoss
unit,Kurittukoski
unit,Vamma
unit,Suosiola
unit,Maalismaa
unit,Kauttua
unit,Turinge
unit,Repvag
unit,Vangpollen
unit,Kymmen
unit,Smeland
unit,Kvinen
unit,Vargfors
unit,Krogstadelva nkr
unit,Trolheim
unit,Kavo
unit,Hommelfoss
unit,Kallioinen
unit,Gamlebrofoss
unit,Songa
unit,Rottnen
unit,Lakshola
unit,Midtre tessa
unit,Parantalankoski
unit,Jossang krv.
unit,Forsmark 2
unit,Saltdalelva
unit,Blasjon
unit,Kanndalen
unit,Evanger
unit,Linnvasselv
unit,Forshult
unit,Gronsdal
unit,Uleberg
unit,Oldereid
unit,Hinnoy
unit,Lysvatn
unit,Edenforsen
unit,Brattforsen
unit,Oskarshamn 3
unit,Horga
unit,Porvoo kt
unit,Eidefossen
unit,Vantaan jätevoimala
unit,Kissakoski
unit,Isohaara
unit,Svean
unit,Aukland
unit,Namsos
unit,Grytten
unit,Sy sima
unit,Mageli
unit,Bersavatn
unit,Pitkämö
unit,Julskaret
unit,Fleminge
unit,Degerforsen
unit,Akland
unit,Hämeenlinna
unit,Kaaranneskoski
unit,Vang
unit,Nas
unit,Betsele
unit,Degerfors
unit,Lindbyn
unit,Arlifoss
unit,Joensuu
unit,Fana
unit,Anjalankoski
unit,Juveln
unit,Sagevikelv
unit,Gausbu
unit,Lakselv
unit,Kuhankoski
unit,Vittingfoss
unit,Amli
unit,Bursnas
unit,Sylling
unit,Kilbotn
unit,Hunsf ost
unit,Seitakorva
unit,Vasa
unit,Skapanas
unit,Ledinge
unit,Ballforsen
unit,Sundal
unit,Skogsforsen
unit,Leringsforsen
unit,Junsterforsen
unit,Lang sima
unit,Aunfoss
unit,Grytdalen
unit,test
unit,Dabbsjo
unit,Kellosaari
unit,Marka
unit,Käenkoski
unit,Blafalli
unit,Landafors
unit,Halden
unit,Gjovik
unit,Edsele
unit,Dversetelva
unit,Toklev
unit,Ofoten
unit,Vindedal
unit,Rusfors
unit,Uljua
unit,Duge
unit,Malgomaj
unit,Vuolenkoski ve
unit,Billnäs
unit,Myster
unit,Jossingfjord
unit,Leirdøla
unit,Rottenvik
unit,Kaihua
unit,Avedoerevaerket
unit,Skarsfjord
unit,Blafal.
unit,Parteboda
unit,Maren
unit,Knon
unit,Gasturbiner halmstad
unit,Norddalen
unit,Reppa
unit,Juva
unit,Odensfors
unit,Toverud
unit,Oltesvik
unit,Lasele
unit,Alta
unit,Verdal
unit,Hovatn
unit,Groa
unit,Sagfossen
unit,Hekni
unit,Gidbole
unit,Djupdal
unit,Østkraft
unit,Flittig
unit,Naverede
unit,Grana
unit,Smavatna
unit,Pyhännänkoski
unit,Vagen
unit,Svartkulp
unit,Olden1
unit,Alvkarleby
unit,Forsanvatn
unit,Merikoski
unit,Solberg
unit,Byarforsen
unit,Mustio
unit,Vinstra
unit,Alfta
unit,Toppila
unit,Masnedø unit
unit,Usta
unit,Kolsvik
unit,Vikesa
unit,Osteroy
unit,Jarkvissle
unit,Vemork
unit,Bullerforsen
unit,Osen
unit,Koskenvarsi
unit,Skoddeberg
unit,Malset
unit,Kurasfossen
unit,Riksheimdal
unit,Kongsvinger
unit,Fossmark
unit,Vanttauskoski
unit,Hoylandsfoss
unit,Kolsi
unit,Hopselva
unit,Sikfors
unit,H. hoyanger
unit,Holla
unit,Berdalskraft
unit,Djupfjord
unit,Mosjoen
unit,Mertaniemi ja
unit,Ojebro
unit,Eid
unit,Ulefoss
unit,Rana
unit,Bergsbotn
unit,Juntola
unit,Svandalsflona
unit,Solhom
unit,Lundsater
unit,Kvannvatn
unit,Vargon
unit,Fall
unit,Ajaure
unit,Steinsvik
unit,Kaggefoss
unit,Vinje
unit,Oksla
unit,Jarpstrommen
unit,Follum
unit,Sveg
unit,Eidseter
unit,Stornorrfors
unit,Dividalen
unit,Stenkullafors
unit,Skallbole
unit,Laforsen
unit,Alta tra
unit,Hermansboda
unit,Stakaldefossen
unit,Vaaja
unit,Jardola
unit,Bortveit
unit,Dalsfoss
unit,Huutokoski kt
unit,Dynjanfoss
unit,Olkiluoto 2
unit,Hirvikoski
unit,Solleftea
unit,Meraker
unit,Gidea
unit,Tistedal
unit,Furudal
unit,Dittielva
unit,Stuvane
unit,Dovikfoss
unit,Hovinsaari
unit,Hogga
unit,Amela
unit,Fr.stad bioel
unit,Tjonnefoss
unit,Harjavalta
unit,Vessingfoss
unit,Gandvik
unit,Hamari
unit,Bodum
unit,Lieksankoski
unit,Tunnsjodal
unit,Byrkjelo
unit,Kanstadbotn
unit,Ovre rossaga
unit,Haen
unit,Hansjo
unit,Haapavesi
unit,Spanne
unit,Hammeren
unit,Stokmarknes
unit,Selsfors
unit,Bruksfallet
unit,Tjeldbergodden
unit,Kristiina
unit,Ovre vinstra
unit,Palokki
unit,Mosvik
unit,Hinkua
unit,Hässelby
unit,Dalvatn
unit,Fausa
unit,Vagamo
unit,Pieksämäki
unit,Tynset
unit,Halvfari
unit,Moflat
unit,Permantokoski
unit,Nuojua
unit,Vanndola
unit,Bjolvefossen
unit,Varkaus lä
unit,Svartdalen
unit,Hallforsen
unit,Mockfjard
unit,Embla
unit,Kjosnesfjorden
unit,Kirkenes
unit,Holjes
unit,Kokkola
unit,Saudebotn
unit,Loviisa 2
unit,Haugfoss
unit,Heggmoen
unit,Furset
unit,Hoting
unit,Evenstad
unit,Kuokkastenkoski
unit,BjurforsO
unit,Hissmofors
unit,Solbergfoss
unit,Nygard
unit,Mykstufoss
unit,Finnfjordbotn
unit,Litledalen
unit,Driva
unit,Soderfors
unit,Hylen
unit,Savonlinna
unit,Steinaga
unit,Kalvedalen
unit,Amdal
unit,Asele
unit,Tampella ve
unit,Nokia kombi
unit,Sallsjo
unit,Nederede
unit,Forus
unit,Grytfors
unit,Askala
unit,Forsmo
unit,Ikaalinen
unit,Pirttikoski
unit,Bogna
unit,Hove
unit,Uimaharju vp lv
unit,Storastrommen
unit,Ristiina
unit,Porsa
unit,Gronvollfoss
unit,Nore
unit,Ljusnefors
unit,Nes oek
unit,Kilforsen
unit,Majenfors
unit,Nyset
unit,Gardikfors
unit,Porsi
unit,Dale
unit,Ämmä
unit,Svarthalsforsen
unit,Seitenoikea
unit,Bergerfoss
unit,Svanemolle denmark
unit,Tahkoluoto
unit,Oltedal
unit,Eikelandsosen
unit,Savalen
unit,Innvik
unit,Trofors
unit,Urke
unit,Fygle
unit,Åby örebro
unit,Ringhals 2
unit,Bjorkasen
unit,Olkiluoto 1
unit,Langhag
unit,Kristiinankaupunki kt
unit,Brulandsfoss
unit,Sagnfossen
unit,Ustekveikja
unit,Skoga
unit,Knardalstrand
unit,Fyris uppsala
unit,Jossefors
unit,Naturkraft
unit,Anjan
unit,Husnes
unit,Forsland
unit,Kymijärvi
unit,Kassdalen
unit,Ulvik
unit,Morsil
unit,Suomenojan voimalaitos
unit,Brekke
unit,Rya kraftvärmeverk göteborg
unit,Hafslund
unit,Monehagen
unit,Gejman
unit,Ojeforsen
unit,Finndola
unit,Kiltua
unit,Myllykoski vp
unit,Adamselv
unit,Maavesi
unit,Siuronkoski
unit,Bardufoss
unit,Hogefoss
unit,Harspranget
unit,Kemi
unit,Asnæs unit
unit,Leirfossene
unit,Gammelange
unit,Alholma ak
unit,Aros västerås
unit,Gryto
unit,Finlayson ve
unit,Ringhals 4
unit,Blyberg
unit,Kildalen
unit,Klåsarö
unit,Kyndby
unit,Nissastrom
unit,Leppikoski
unit,Granboforsen
unit,Torron
unit,Uvdal
unit,Torsebro
unit,Pori
unit,Dalen
unit,Laxede
unit,Fossheim
unit,Giskemo
unit,Melo
unit,Sundsbarm
unit,Batfors
unit,Bergnas
unit,Holsbru
unit,Amager
unit,Loviisa 1
unit,Ossauskoski
unit,Kaukopää
unit,Donje
unit,Hjartdola
unit,Soa
unit,Sage
unit,Borensberg
unit,Atorp
unit,Mankala
unit,Berlifoss
unit,Untra
unit,Hol
unit,Sortveit
unit,Kaven
unit,Vittjarv
unit,Krangfors
unit,Ekkjestolen
unit,Jevnaker
unit,Venetpalo
unit,Daja
unit,Myra
unit,Steinsland
unit,Sjonsta
unit,Stigsnaesvaerket
unit,Norheimsund
unit,Vajukoski
unit,Karlshamn
unit,Siso
unit,Viikinmäki
unit,Taivalkoski
unit,Korsselbranna
unit,Reinset
unit,Langvatn
unit,Vestrebotn
unit,Sykkylven
unit,Holleforsen
unit,Skogheim
unit,Eidum
unit,Tainionkoski
unit,Melkoya
unit,Tronsholen
unit,Tokke
unit,Froystul
unit,Naistenlahti
unit,Holen
unit,Forsmark 1
unit,Tevla
unit,Kalajärvi
unit,Bardukrv
unit,Tonstad
unit,Nordsvorka
unit,Krangede
unit,Suvdola
unit,Naddvik
unit,Trollheim
unit,Grodemfoss
unit,Tasjo
unit,Hanefoss
unit,Steinsfoss
unit,Kveasa
unit,Parki
unit,Atrafors
unit,Olkiluoto kt
unit,Tussa
unit,BjurforsN
unit,Sauda
unit,Kangsliaga
unit,Liarelva
unit,Laudal
unit,Vaskiluoto
unit,Luostejok
unit,Kvittingen
unit,Gjerdsvik
unit,Standal
unit,Ahvenkoski
unit,Herlandsfoss
unit,Straumsmo
unit,Bryggja
unit,Florli
unit,Maudal
unit,Tafjord
unit,Haukrei
unit,Vassfossen
unit,Haheim
unit,Vaskiluoto kt
unit,Solna
unit,Sokna reg. midt
unit,Via
unit,Idbaksverket
unit,Asen
unit,Viddal
unit,Skollenborg
unit,Jatta
unit,Hegsetfoss
unit,Krakerud
unit,Leinafoss
unit,Lomi
unit,Fardal
unit,Hafsl.kr
unit,Valsoyfjord
unit,Eldforsen
unit,Nordvik
unit,Jalasjoki niiles
unit,Tahkoluoto kt
unit,Eidsfo
unit,Trysil
unit,Skjak
unit,Forsa
unit,Ellenelva
unit,Kongsfjord
unit,Suldal
unit,Batsvann
unit,Pengfors
unit,Osbu
unit,Skree
unit,Haapakoski
unit,Langa-Lossen
unit,Novle
unit,Ämmäkoski
unit,Porvoo
unit,Fjaremsfossen
unit,Gulsele
unit,Pälli
unit,Kokkosniva
unit,Klosterfoss
unit,Byrte
unit,Ana sira
unit,Vääräkoski
unit,Nedrenea
unit,Avella
unit,Kaipola
unit,Nedrefoss
unit,Lilla Edet
unit,Iveland
unit,Roppa
unit,Melkefoss
unit,Naantali
unit,Krossen
unit,Genatorps
unit,Hardeland
unit,Fjallsjo
unit,Ramfoss
unit,Lya
unit,Ogndal
unit,Virakelva
unit,Jarnvagsforsen
unit,Kvitnes
unit,Seinäjoki sevo
unit,Nasaforsen
unit,Hanhikoski
unit,Ovre svultingen
unit,Lomen
unit,Sjona
unit,Hylte
unit,Montta
unit,Sil
unit,Sallila
unit,Norrange
unit,Klemetsrud
unit,Kvitfossen
unit,Voikkaa ve
unit,Finnfors
unit,Grano
unit,Forshuvud
unit,Kattstrupeforsen
unit,Ylja
unit,Rottle
unit,Skedvi
unit,Gallejaur
unit,Boden
unit,Fjone
unit,Vemundsbotn
unit,Stølsdal
unit,Asnes
unit,Stensele
unit,Tervasaari lä
unit,Vilppulan saha
unit,Utanen
unit,Rauma
unit,Padinki
unit,Alakoski
unit,Maroyfjord
unit,Lottefors
unit,Kuusankoski bv
unit,Siikakoski
unit,Stordal
unit,Eitro
unit,Logna
unit,Glava
unit,Veitsiluoto
unit,Noppikoski
unit,Storfinnforsen
unit,Kaitfors
unit,Oftedal
unit,Lappeenranta kaukaan tehdas
unit,Rebnis
unit,Spjutmo
unit,Sundsfjord
unit,Vinkelfallet
unit,Mal
unit,Osa
unit,Timfors
unit,Forsse
unit,Bastusel
unit,Breiava
unit,Orkdal
unit,Grytaga
unit,Stord
unit,Sagefossen
unit,A-Lillfors
unit,Pursiala
unit,Skulafossen
unit,Vadheim
unit,Hopen
unit,Grundfors
unit,Jorundland
unit,Dragefossen
unit,Grada
unit,Iisalmi
unit,Evm
unit,Balforsen
unit,Tysseland
unit,Stalon
unit,Kuusamo
unit,Bergvik
unit,Froland
unit,Svartaforsen
unit,Gresslifoss
unit,Porttipahta
unit,Vanaja kt
unit,Vafos
unit,Atro
unit,Langfjord
unit,Matfors
unit,Haukeli
unit,Ronnofors
unit,Ruskeakoski
unit,Glomfjord
unit,Harrsele
unit,Vassinkoski
unit,Funnefoss
unit,Bergeforsen
unit,Slind
unit,Hjalta
unit,Eidsfossen sfe
unit,Usma selbu
unit,Raasakka
unit,Tuggen
unit,Sadva
unit,Karjalankoski
unit,Skarblacka
unit,Ildgruben
unit,Forsmark 3
unit,Flatenfoss
unit,Ritsem
unit,Hensfoss
unit,Oulu
unit,Naantali kt
unit,Skibotn
unit,Lanforsen
unit,Rka nyhamna
unit,Borregaard inst
unit,Karsefors
unit,Kvanndal
unit,Hemsjo
unit,Tveiten
unit,Tinfos telemark
unit,Tysso
unit,Forshaga
unit,Haugen
unit,Hakvik
unit,Olden2
unit,Sillre
unit,Funna
unit,Killinkoski
unit,Halandsfossen
unit,Byafossen
unit,Domnarvet
unit,Kerava
unit,Tasan
unit,Mjolby
unit,Faberg
unit,Hemsil
unit,arsmagatran
unit,Ratan
unit,Letten
unit,Inkeroinen ve
unit,Petäjäskoski
unit,Boylefoss
unit,Åbjøra
unit,Bruvollelva
unit,Gravfoss
unit,Karsto
unit,Imatra
unit,Namforsen
unit,Askara
unit,Jorpeland scana
unit,Bagn
unit,Fiskeby
unit,Tjorhom
unit,Brunstad
unit,Anglaback
unit,Soilu
unit,Kuhmon lämpö
unit,Bjerka
unit,Melbu
unit,Brattingfoss
unit,Nedre rossaga
unit,Sama
unit,Malta
unit,Yngredsfors
unit,Hofsfoss
unit,Seitevare
unit,Ringhals 1
unit,Muoidejohka
unit,Bagede
unit,Kelukoski
unit,Tjodan
unit,Dokka tr
unit,Tveit
unit,Vagaana
unit,Messaure
unit,Rivedal
unit,Värtan stockholm
unit,Honefo.
unit,Viforsen
unit,Matarakoski
unit,Smestad
unit,Kirakkaköngäs
unit,Lindland
unit,Skifsforsen
unit,Ranasfo
unit,Stensjofallet
unit,Nordreisa
unit,Slagnas
unit,Tyria
unit,Nea
unit,Stadheim
unit,Hammarforsen
unit,Loviisa kt
unit,Tveitelva
unit,Fossum
unit,Kattilakoski
unit,Peltokoski
unit,Tryland
unit,Bergvattnet
unit,Skogaby
unit,Langa-Grundsjon
unit,Aroy
unit,Rodne
unit,Pikerfoss
unit,Traryd
unit,Salmisaari
unit,Faslefoss
unit,Fritzoe
unit,Saurdal
unit,Oksava
unit,Kierikki
unit,Pamilo
unit,Roskrepp
unit,Klippen
unit,Vatajankoski
unit,Follafoss
unit,Hummelforsen
unit,Nomeland
unit,Frogner
unit,Ligga
unit,Trandal
unit,Ortern
unit,Patalankoski
unit,Jukla plants
unit,Arna
unit,Bjorna
unit,Kjopsvik
unit,Sarp
unit,Keltti
unit,Kaltimo
unit,Rojdafors
unit,Einunna
unit,Sälevä
unit,Thamshavn
unit,Rodberg
unit,Ranes
unit,Juankoski
unit,Skjefst
unit,Inkoo
unit,Soininkoski
unit,Lutufallet
unit,Tornio
unit,Kiste
unit,Hunsfos
unit,Porvoo kilpilahti
unit,Vihtakoski
unit,Kaldestad
unit,Kaarni
unit,Hjelmeland
unit,Radalen
unit,Mesna
unit,Fagerli
unit,Porjus
unit,Munkfors
unit,Sunila
unit,Flasjo
unit,Bjorndalselva
unit,Hasle
unit,Tosse
unit,Istad
unit,Oksenelvane
unit,Havik
unit,Hodnaberg
unit,Vrenga
unit,Brokke
unit,Unnan
unit,Svartelva
unit,Aura
unit,Arvik
unit,Knutfoss
unit,Viulfoss
unit,Mar
unit,Vrangfoss
unit,Simpele
node,6464
node,6670
node,6735
node,6372
node,6588
node,6121
node,6517
node,6861
node,6310
node,6519
node,6484
node,6535
node,6412
node,6724
node,6610
node,6691
node,6605
node,6317
node,6410
node,6207
node,6402
node,6312
node,6481
node,6581
node,5572
node,6470
node,6525
node,6591
node,6448
node,6561
node,6417
node,6203
node,6673
node,6111
node,6383
node,6617
node,6127
node,6489
node,6124
node,6418
node,6467
node,6787
node,6320
node,6401
node,7972
node,6210
node,6816
node,6725
node,6578
node,6618
node,6457
node,6413
node,6599
node,6730
node,6647
node,6131
node,6729
node,6405
node,6751
node,6678
node,6532
node,6431
node,6461
node,6456
node,6734
node,6450
node,6603
node,5493
node,6398
node,6118
node,6424
node,6339
node,6433
node,6323
node,7718
node,7751
node,6377
node,7945
node,6681
node,6432
node,6426
node,6362
node,6726
node,6652
node,6736
node,6422
node,6568
node,6404
node,6341
node,6750
node,6527
node,6421
node,6587
node,5527
node,6416
node,6754
node,6414
node,6333
node,6126
node,6478
node,6376
node,6755
node,6438
node,6756
node,6653
node,6613
node,6524
node,6318
node,6534
node,6656
node,6672
node,6757
node,6538
node,6659
node,6682
node,6112
node,6540
node,7701
node,6109
node,6308
node,6465
node,6439
node,6522
node,6764
node,6307
node,6520
node,6391
node,6600
node,6434
node,6676
node,7921
node,6677
node,6612
node,5494
node,6311
node,6559
node,5531
node,6531
node,6601
node,6329
node,6679
node,6123
node,6208
node,6590
node,6719
node,6476
node,6667
node,6331
node,6335
node,6746
node,6202
node,6449
node,6518
node,6328
node,6445
node,6364
node,6380
node,6420
node,6680
node,6752
node,7820
node,6139
node,6321
node,6608
node,6415
node,6473
node,6419
node,6539
node,6827
node,6387
node,6674
node,6386
node,6490
node,6569
node,6459
node,6748
node,6316
node,6479
node,6555
node,6119
node,6549
node,6134
node,6400
node,6688
node,6313
node,6471
node,6573
node,6447
node,7814
node,6205
node,6403
node,6651
node,6589
node,6606
node,6373
node,6749
node,6560
node,6661
node,6662
node,6474
node,5533
node,6428
node,6204
node,6552
node,6409
node,6462
node,6792
node,6458
node,6675
node,6551
node,6592
node,6747
node,6533
node,6437
node,6455
node,6334
node,6460
node,6738
node,6655
node,6491
node,6557
node,7817
node,6809
node,6598
node,6314
node,6571
node,6475
node,6427
node,7758
node,6572
node,8006
node,6319
node,6548
node,6657
node,6542
node,6574
node,5576
node,6200
node,6607
node,6378
node,6349
node,6486
node,6113
node,6374
node,7289
node,6745
node,6576
node,5514
node,6665
node,8014
node,6430
node,5574
node,6727
node,6436
node,5498
node,6136
node,6469
node,6385
node,7899
node,8029
node,6382
node,6487
node,7283
node,6740
node,6666
node,6720
node,6528
node,6472
node,6580
node,6384
node,6443
node,6660
node,6444
node,6493
node,6685
node,6554
node,6793
node,6425
node,6389
node,6790
node,8021
node,6201
node,6441
node,6731
node,7860
node,6529
node,6563
node,6130
node,6728
node,6492
node,6351
node,6399
node,6352
node,6366
node,6566
node,6336
node,6553
node,6346
node,7947
node,6315
node,SE2
node,5508
node,5525
node,6664
node,7951
node,6558
node,6669
node,NO4
node,5499
node,5492
node,6360
node,6337
node,6684
node,7714
node,6584
node,6365
node,5515
node,6345
node,5517
node,6397
node,1284
node,5459
node,6692
node,6723
node,5518
node,6570
node,5522
node,6477
node,6562
node,6611
node,8058
node,7846
node,5584
node,6103
node,6446
node,5519
node,5501
node,DK2
node,5506
node,6340
node,6355
node,5573
node,5516
node,6597
node,5503
node,6575
node,6122
node,FI
node,6668
node,6791
node,6107
node,6379
node,6530
node,6744
node,6338
node,6541
node,6602
node,5529
node,5523
node,SE1
node,6547
node,DK1
node,6353
node,5524
node,5590
node,5580
node,6690
node,6388
node,5495
node,6453
node,6609
node,5575
node,6128
node,6596
node,6116
node,6838
node,6483
node,5505
node,6689
node,6363
node,6683
node,6739
node,6585
node,6209
node,6463
node,6586
node,6375
node,6451
node,6105
node,6309
node,6789
node,6140
node,6129
node,6407
node,6371
node,6663
node,6543
node,5512
node,6550
node,6565
node,NO3
node,6408
node,6482
node,6442
node,6521
node,6546
node,6593
node,NO1
node,7779
node,5504
node,6454
node,6106
node,5521
node,6485
node,5586
node,6536
node,7982
node,NO2
node,6322
node,6567
node,6429
node,6658
node,5585
node,6686
node,5497
node,5581
node,5511
node,6104
node,5570
node,7263
node,6324
node,7986
node,6466
node,6537
node,6356
node,SE4
node,6753
node,5530
node,6654
node,6480
node,6595
node,7645
node,6452
node,6526
node,6545
node,6523
node,7966
node,5526
node,6348
node,6359
node,6788
node,8059
node,5569
node,6357
node,5520
node,7932
node,6381
node,6594
node,5500
node,6132
node,7865
node,6206
node,6604
node,6117
node,6350
node,6564
node,6544
node,6358
node,6125
node,6440
node,6721
node,5496
node,5502
node,6406
node,6120
node,6582
node,6423
node,5513
node,6411
node,6390
node,5509
node,7490
node,6110
node,7697
node,7868
node,6671
node,6342
node,7666
node,6344
node,6577
node,6392
node,SE3
node,6579
node,6435
node,5528
node,6556
node,6354
node,6114
node,6347
node,6142
node,6370
node,6583
node,6722
node,6468
node,6687
node,5507
direction,to_node
direction,from_node
stochastic_scenario,sscen1
connection,1276
connection,12706
connection,2354
connection,508
connection,1242
connection,385
connection,7017
connection,452
connection,498
connection,6798
connection,495
connection,2212
connection,6903
connection,12689
connection,11603
connection,461
connection,2401
connection,2246
connection,1345
connection,2394
connection,6534
connection,12672
connection,1295
connection,453
connection,2360
connection,2331
connection,445
connection,2290
connection,12732
connection,1168
connection,254
connection,12679
connection,458
connection,2275
connection,1346
connection,7182
connection,1181
connection,1161
connection,12695
connection,509
connection,1251
connection,7018
connection,2373
connection,2353
connection,515
connection,2343
connection,8799
connection,1288
connection,2382
connection,1286
connection,505
connection,1191
connection,1192
connection,2272
connection,2227
connection,451
connection,2412
connection,2211
connection,12703
connection,2324
connection,1255
connection,9662
connection,333
connection,1316
connection,2277
connection,2346
connection,1225
connection,1326
connection,2326
connection,1265
connection,2329
connection,6488
connection,2348
connection,475
connection,267
connection,2380
connection,12538
connection,1195
connection,1189
connection,7183
connection,1188
connection,409
connection,1203
connection,7476
connection,1338
connection,1262
connection,2339
connection,1290
connection,2285
connection,1259
connection,253
connection,9586
connection,6495
connection,12735
connection,2327
connection,2253
connection,262
connection,1258
connection,1340
connection,11503
connection,6654
connection,469
connection,1335
connection,2393
connection,2409
connection,12676
connection,1198
connection,6909
connection,2249
connection,1184
connection,494
connection,12702
connection,2288
connection,11495
connection,2291
connection,246
connection,2352
connection,510
connection,273
connection,2388
connection,2315
connection,1227
connection,2342
connection,12650
connection,1300
connection,472
connection,1201
connection,397
connection,518
connection,1312
connection,1256
connection,470
connection,2232
connection,2229
connection,2336
connection,1269
connection,1343
connection,2216
connection,1159
connection,2305
connection,1254
connection,2214
connection,1283
connection,11541
connection,271
connection,1273
connection,1187
connection,1231
connection,2226
connection,2375
connection,454
connection,1158
connection,1271
connection,327
connection,2307
connection,412
connection,6817
connection,6531
connection,2264
connection,455
connection,1233
connection,12681
connection,2220
connection,375
connection,12542
connection,2361
connection,6498
connection,2364
connection,489
connection,2267
connection,2302
connection,11019
connection,2411
connection,249
connection,1280
connection,474
connection,283
connection,507
connection,481
connection,442
connection,2219
connection,1220
connection,1282
connection,9504
connection,2273
connection,2309
connection,6496
connection,2206
connection,7477
connection,456
connection,2397
connection,2403
connection,12713
connection,501
connection,1287
connection,1171
connection,1196
connection,2333
connection,1323
connection,2266
connection,2223
connection,2244
connection,2359
connection,12544
connection,12733
connection,6713
connection,12683
connection,2405
connection,6524
connection,413
connection,514
connection,255
connection,328
connection,1347
connection,1245
connection,1298
connection,1218
connection,460
connection,1164
connection,1327
connection,1275
connection,1252
connection,2303
connection,1264
connection,503
connection,2269
connection,2257
connection,2245
connection,261
connection,1204
connection,1157
connection,6658
connection,269
connection,1277
connection,2286
connection,1337
connection,12734
connection,493
connection,6819
connection,259
connection,12541
connection,9585
connection,1234
connection,6562
connection,2238
connection,1342
connection,2224
connection,6949
connection,6657
connection,2341
connection,6458
connection,270
connection,411
connection,2340
connection,325
connection,1238
connection,1186
connection,2202
connection,1297
connection,12537
connection,12686
connection,2369
connection,2318
connection,2209
connection,435
connection,12671
connection,9712
connection,1301
connection,2240
connection,2408
connection,265
connection,2221
connection,12704
connection,1175
connection,415
connection,2384
connection,511
connection,1246
connection,12535
connection,1310
connection,12684
connection,1215
connection,2334
connection,2366
connection,1348
connection,8800
connection,2225
connection,2289
connection,1185
connection,482
connection,2321
connection,256
connection,2276
connection,1306
connection,2280
connection,6532
connection,2350
connection,2217
connection,2338
connection,2222
connection,438
connection,6494
connection,2316
connection,2328
connection,2391
connection,1261
connection,2395
connection,2263
connection,2262
connection,297
connection,394
connection,2390
connection,1333
connection,384
connection,466
connection,12543
connection,491
connection,12673
connection,332
connection,410
connection,379
connection,1285
connection,1305
connection,1240
connection,12687
connection,464
connection,12678
connection,377
connection,2368
connection,492
connection,1260
connection,2282
connection,2279
connection,11548
connection,441
connection,1214
connection,6821
connection,1336
connection,1253
connection,436
connection,484
connection,2233
connection,2207
connection,1291
connection,2254
connection,2235
connection,417
connection,485
connection,2250
connection,2239
connection,2292
connection,1293
connection,1339
connection,2410
connection,2204
connection,465
connection,1257
connection,12714
connection,1228
connection,450
connection,2248
connection,2351
connection,324
connection,6818
connection,2312
connection,2330
connection,2268
connection,12536
connection,12677
connection,2399
connection,2389
connection,1244
connection,1239
connection,2304
connection,1309
connection,1179
connection,2310
connection,9503
connection,1332
connection,1200
connection,1209
connection,289
connection,2337
connection,2358
connection,1331
connection,497
connection,1163
connection,new_one
connection,2278
connection,12690
connection,1197
connection,1223
connection,1183
connection,2383
connection,2386
connection,2283
connection,473
connection,2322
connection,2332
connection,517
connection,1216
connection,2367
connection,459
connection,2355
connection,1324
connection,290
connection,2256
connection,443
connection,502
connection,2374
connection,471
connection,2335
connection,2270
connection,1243
connection,7180
connection,1199
connection,1222
connection,2187
connection,463
connection,2293
connection,1270
connection,2237
connection,1217
connection,2271
connection,1174
connection,1319
connection,513
connection,1318
connection,1173
connection,1266
connection,6523
connection,1263
connection,245
connection,2259
connection,2400
connection,2210
connection,1247
connection,2297
connection,416
connection,6499
connection,2379
connection,9661
connection,12674
connection,9665
connection,2362
connection,11526
connection,1307
connection,12540
connection,12688
connection,11540
connection,11602
connection,1221
connection,331
connection,1237
connection,449
connection,7016
connection,1341
connection,2234
connection,284
connection,2300
connection,2325
connection,2260
connection,2404
connection,2296
connection,1292
connection,477
connection,448
connection,6711
connection,1281
connection,326
connection,1230
connection,288
connection,2231
connection,12700
connection,2365
connection,487
connection,2323
connection,1241
connection,1267
connection,6525
connection,467
connection,414
connection,2370
connection,9664
connection,486
connection,2294
connection,1176
connection,2215
connection,330
connection,2201
connection,6474
connection,1169
connection,12682
connection,2320
connection,1284
connection,1235
connection,268
connection,12698
connection,1206
connection,12712
connection,447
connection,12719
connection,1311
connection,7297
connection,1334
connection,2349
connection,2385
connection,11018
connection,1317
connection,1320
connection,1294
connection,272
connection,1248
connection,2301
connection,12675
connection,2308
connection,2306
connection,6497
connection,1322
connection,11537
connection,457
connection,2402
connection,1177
connection,9716
connection,6902
connection,6910
connection,2344
connection,329
connection,258
connection,2265
connection,2261
connection,12670
connection,2243
connection,1229
connection,437
connection,260
connection,1299
connection,2287
connection,468
connection,516
connection,1224
connection,1278
connection,2230
connection,1190
connection,2208
connection,395
connection,12697
connection,1202
connection,2218
connection,2313
connection,9713
connection,2203
connection,1226
connection,2347
connection,2247
connection,479
connection,12669
connection,12696
connection,1250
connection,1193
connection,1304
connection,6475
connection,1274
connection,2258
connection,1344
connection,2407
connection,2236
connection,1289
connection,1160
connection,2345
connection,1182
connection,12705
connection,2357
connection,1194
connection,1205
connection,2371
connection,1272
connection,1212
connection,2378
connection,2242
connection,12717
connection,2252
connection,2363
connection,1166
connection,9501
connection,480
connection,7181
connection,2311
connection,335
connection,12539
connection,1162
connection,439
connection,440
connection,2298
connection,2284
connection,2241
connection,1329
connection,11533
connection,1219
connection,504
connection,1236
connection,12685
connection,2387
connection,478
connection,1314
connection,1296
connection,1213
connection,248
connection,483
connection,2205
connection,12699
connection,2396
connection,1249
connection,1170
connection,444
connection,1279
connection,1308
connection,12701
connection,462
connection,2392
connection,1172
connection,476
connection,1315
connection,2213
connection,1207
connection,1211
connection,1210
connection,2317
connection,2319
connection,6712
connection,2314
connection,2295
connection,1165
connection,1232
connection,1268
connection,378
connection,1208
connection,446
connection,2281
connection,496
connection,257
connection,6810
connection,2372
connection,1313
connection,12680
connection,2406
connection,506
connection,334
connection,2255
connection,376
connection,12694
connection,new_two
stochastic_path,SpineInterface.Object[sscen1]
